[
    {
        "tags": ["fantasy"],
        "_id": "60925c1b8be4ad2f6174d3c6",
        "name": "robot 1",
        "blocks": {},
        "isStage": false,
        "variables": {},
        "costumes": [
            {
                "_id": "60925c1b8be4ad2f6174d3c7",
                "assetId": "82f3f0ddafc28b4f71d76705411af961",
                "name": "robot 1",
                "bitmapResolution": 1,
                "md5ext": "82f3f0ddafc28b4f71d76705411af961.svg",
                "dataFormat": "svg",
                "rotationCenterX": 100,
                "rotationCenterY": 100,
                "base64": "http://128.199.145.159:8080/api/files/find/82f3f0ddafc28b4f71d76705411af961.svg"
            }
        ],
        "sounds": [],
        "__v": 0
    },
    {
        "tags": ["fantasy"],
        "_id": "60925c248be4ad2f6174d3c9",
        "name": "robot 2",
        "blocks": {},
        "isStage": false,
        "variables": {},
        "costumes": [
            {
                "_id": "60925c248be4ad2f6174d3ca",
                "assetId": "3bff52d98d9ebf5a5a59c0e3efca57fe",
                "name": "robot 2",
                "bitmapResolution": 1,
                "md5ext": "3bff52d98d9ebf5a5a59c0e3efca57fe.svg",
                "dataFormat": "svg",
                "rotationCenterX": 100,
                "rotationCenterY": 100,
                "base64": "http://128.199.145.159:8080/api/files/find/3bff52d98d9ebf5a5a59c0e3efca57fe.svg"
            }
        ],
        "sounds": [],
        "__v": 0
    },
    {
        "tags": ["fantasy"],
        "_id": "60925c2b8be4ad2f6174d3cc",
        "name": "robot 3",
        "blocks": {},
        "isStage": false,
        "variables": {},
        "costumes": [
            {
                "_id": "60925c2b8be4ad2f6174d3cd",
                "assetId": "bfef9359a163e922598e03cc1d1bba6d",
                "name": "robot 3",
                "bitmapResolution": 1,
                "md5ext": "bfef9359a163e922598e03cc1d1bba6d.svg",
                "dataFormat": "svg",
                "rotationCenterX": 100,
                "rotationCenterY": 100,
                "base64": "http://128.199.145.159:8080/api/files/find/bfef9359a163e922598e03cc1d1bba6d.svg"
            }
        ],
        "sounds": [],
        "__v": 0
    },
    {
        "tags": ["fantasy"],
        "_id": "60925c348be4ad2f6174d3cf",
        "name": "robot 4",
        "blocks": {},
        "isStage": false,
        "variables": {},
        "costumes": [
            {
                "_id": "60925c348be4ad2f6174d3d0",
                "assetId": "54d6d16e47bb2f734fb8a478a3876ba7",
                "name": "robot 4",
                "bitmapResolution": 1,
                "md5ext": "54d6d16e47bb2f734fb8a478a3876ba7.svg",
                "dataFormat": "svg",
                "rotationCenterX": 100,
                "rotationCenterY": 100,
                "base64": "http://128.199.145.159:8080/api/files/find/54d6d16e47bb2f734fb8a478a3876ba7.svg"
            }
        ],
        "sounds": [],
        "__v": 0
    },
    {
        "tags": ["fantasy"],
        "_id": "60925c3c8be4ad2f6174d3d2",
        "name": "robot 5",
        "blocks": {},
        "isStage": false,
        "variables": {},
        "costumes": [
            {
                "_id": "60925c3c8be4ad2f6174d3d3",
                "assetId": "8b46d692ef1c5a64c4c510495a9cda17",
                "name": "robot 5",
                "bitmapResolution": 1,
                "md5ext": "8b46d692ef1c5a64c4c510495a9cda17.svg",
                "dataFormat": "svg",
                "rotationCenterX": 100,
                "rotationCenterY": 100,
                "base64": "http://128.199.145.159:8080/api/files/find/8b46d692ef1c5a64c4c510495a9cda17.svg"
            }
        ],
        "sounds": [],
        "__v": 0
    },
    {
        "tags": ["fantasy"],
        "_id": "60925c448be4ad2f6174d3d5",
        "name": "robot 6",
        "blocks": {},
        "isStage": false,
        "variables": {},
        "costumes": [
            {
                "_id": "60925c448be4ad2f6174d3d6",
                "assetId": "3dcfd5588d76175da8138abc99da65a1",
                "name": "robot 6",
                "bitmapResolution": 1,
                "md5ext": "3dcfd5588d76175da8138abc99da65a1.svg",
                "dataFormat": "svg",
                "rotationCenterX": 100,
                "rotationCenterY": 100,
                "base64": "http://128.199.145.159:8080/api/files/find/3dcfd5588d76175da8138abc99da65a1.svg"
            }
        ],
        "sounds": [],
        "__v": 0
    },
    {
        "tags": ["fantasy"],
        "_id": "60925c4f8be4ad2f6174d3d8",
        "name": "robot 7",
        "blocks": {},
        "isStage": false,
        "variables": {},
        "costumes": [
            {
                "_id": "60925c4f8be4ad2f6174d3d9",
                "assetId": "b297151542b3faa35eaedefbd4f1ad11",
                "name": "robot 7",
                "bitmapResolution": 1,
                "md5ext": "b297151542b3faa35eaedefbd4f1ad11.svg",
                "dataFormat": "svg",
                "rotationCenterX": 100,
                "rotationCenterY": 100,
                "base64": "http://128.199.145.159:8080/api/files/find/b297151542b3faa35eaedefbd4f1ad11.svg"
            }
        ],
        "sounds": [],
        "__v": 0
    },
    {
        "tags": ["fantasy"],
        "_id": "60925c588be4ad2f6174d3db",
        "name": "robot 8",
        "blocks": {},
        "isStage": false,
        "variables": {},
        "costumes": [
            {
                "_id": "60925c588be4ad2f6174d3dc",
                "assetId": "7fa36601b23da8cffd108086fc9a0a25",
                "name": "robot 8",
                "bitmapResolution": 1,
                "md5ext": "7fa36601b23da8cffd108086fc9a0a25.svg",
                "dataFormat": "svg",
                "rotationCenterX": 100,
                "rotationCenterY": 100,
                "base64": "http://128.199.145.159:8080/api/files/find/7fa36601b23da8cffd108086fc9a0a25.svg"
            }
        ],
        "sounds": [],
        "__v": 0
    },
    {
        "tags": ["fantasy"],
        "_id": "60925c608be4ad2f6174d3de",
        "name": "robot 9",
        "blocks": {},
        "isStage": false,
        "variables": {},
        "costumes": [
            {
                "_id": "60925c608be4ad2f6174d3df",
                "assetId": "4de66d02127fe5e7b9dc217f1734e34a",
                "name": "robot 9",
                "bitmapResolution": 1,
                "md5ext": "4de66d02127fe5e7b9dc217f1734e34a.svg",
                "dataFormat": "svg",
                "rotationCenterX": 100,
                "rotationCenterY": 100,
                "base64": "http://128.199.145.159:8080/api/files/find/4de66d02127fe5e7b9dc217f1734e34a.svg"
            }
        ],
        "sounds": [],
        "__v": 0
    },
    {
        "tags": ["fantasy"],
        "_id": "60925c688be4ad2f6174d3e1",
        "name": "robot 10",
        "blocks": {},
        "isStage": false,
        "variables": {},
        "costumes": [
            {
                "_id": "60925c688be4ad2f6174d3e2",
                "assetId": "f1cf873013da5b9020db03f128a76fa5",
                "name": "robot 10",
                "bitmapResolution": 1,
                "md5ext": "f1cf873013da5b9020db03f128a76fa5.svg",
                "dataFormat": "svg",
                "rotationCenterX": 100,
                "rotationCenterY": 100,
                "base64": "http://128.199.145.159:8080/api/files/find/f1cf873013da5b9020db03f128a76fa5.svg"
            }
        ],
        "sounds": [],
        "__v": 0
    },
    {
        "tags": [],
        "_id": "60925c858be4ad2f6174d3e4",
        "name": "Robot 11",
        "blocks": {},
        "isStage": false,
        "variables": {},
        "costumes": [
            {
                "_id": "60925c858be4ad2f6174d3e5",
                "assetId": "6af8dbb209e0544ae7a1837677557099",
                "name": "robot 11",
                "bitmapResolution": 1,
                "md5ext": "6af8dbb209e0544ae7a1837677557099.svg",
                "dataFormat": "svg",
                "rotationCenterX": 100,
                "rotationCenterY": 100,
                "base64": "http://128.199.145.159:8080/api/files/find/6af8dbb209e0544ae7a1837677557099.svg"
            }
        ],
        "sounds": [],
        "__v": 0
    },
    {
        "tags": [],
        "_id": "60925c8a8be4ad2f6174d3e7",
        "name": "Robot 12",
        "blocks": {},
        "isStage": false,
        "variables": {},
        "costumes": [
            {
                "_id": "60925c8a8be4ad2f6174d3e8",
                "assetId": "83d02528eec34b64b63c04e9038e8774",
                "name": "robot 12",
                "bitmapResolution": 1,
                "md5ext": "83d02528eec34b64b63c04e9038e8774.svg",
                "dataFormat": "svg",
                "rotationCenterX": 100,
                "rotationCenterY": 100,
                "base64": "http://128.199.145.159:8080/api/files/find/83d02528eec34b64b63c04e9038e8774.svg"
            }
        ],
        "sounds": [],
        "__v": 0
    },
    {
        "tags": [],
        "_id": "60925c918be4ad2f6174d3ea",
        "name": "Robot 13",
        "blocks": {},
        "isStage": false,
        "variables": {},
        "costumes": [
            {
                "_id": "60925c918be4ad2f6174d3eb",
                "assetId": "ce2c04177e27ad0b8d804168dcdc9470",
                "name": "robot 13",
                "bitmapResolution": 1,
                "md5ext": "ce2c04177e27ad0b8d804168dcdc9470.svg",
                "dataFormat": "svg",
                "rotationCenterX": 100,
                "rotationCenterY": 100,
                "base64": "http://128.199.145.159:8080/api/files/find/ce2c04177e27ad0b8d804168dcdc9470.svg"
            }
        ],
        "sounds": [],
        "__v": 0
    },
    {
        "tags": [],
        "_id": "60925c9e8be4ad2f6174d3ed",
        "name": "Robot 14",
        "blocks": {},
        "isStage": false,
        "variables": {},
        "costumes": [
            {
                "_id": "60925c9e8be4ad2f6174d3ee",
                "assetId": "f052dfd297fd7ab4009b4b5bfd7f8688",
                "name": "robot 14",
                "bitmapResolution": 1,
                "md5ext": "f052dfd297fd7ab4009b4b5bfd7f8688.svg",
                "dataFormat": "svg",
                "rotationCenterX": 100,
                "rotationCenterY": 100,
                "base64": "http://128.199.145.159:8080/api/files/find/f052dfd297fd7ab4009b4b5bfd7f8688.svg"
            }
        ],
        "sounds": [],
        "__v": 0
    },
    {
        "tags": [],
        "_id": "60925ca48be4ad2f6174d3f0",
        "name": "Robot 15",
        "blocks": {},
        "isStage": false,
        "variables": {},
        "costumes": [
            {
                "_id": "60925ca48be4ad2f6174d3f1",
                "assetId": "cf0a817334f7395536d0ab20e60a4124",
                "name": "robot 15",
                "bitmapResolution": 1,
                "md5ext": "cf0a817334f7395536d0ab20e60a4124.svg",
                "dataFormat": "svg",
                "rotationCenterX": 100,
                "rotationCenterY": 100,
                "base64": "http://128.199.145.159:8080/api/files/find/cf0a817334f7395536d0ab20e60a4124.svg"
            }
        ],
        "sounds": [],
        "__v": 0
    },
    {
        "tags": [],
        "_id": "60925caa8be4ad2f6174d3f3",
        "name": "Robot 16",
        "blocks": {},
        "isStage": false,
        "variables": {},
        "costumes": [
            {
                "_id": "60925caa8be4ad2f6174d3f4",
                "assetId": "9047b96a6b178a6038865490d890c7b7",
                "name": "robot 16",
                "bitmapResolution": 1,
                "md5ext": "9047b96a6b178a6038865490d890c7b7.svg",
                "dataFormat": "svg",
                "rotationCenterX": 100,
                "rotationCenterY": 100,
                "base64": "http://128.199.145.159:8080/api/files/find/9047b96a6b178a6038865490d890c7b7.svg"
            }
        ],
        "sounds": [],
        "__v": 0
    },
    {
        "tags": [],
        "_id": "60925cb68be4ad2f6174d3f6",
        "name": "Robot 17",
        "blocks": {},
        "isStage": false,
        "variables": {},
        "costumes": [
            {
                "_id": "60925cb68be4ad2f6174d3f7",
                "assetId": "2625d8b4c45407a0fe3c257b531c72c2",
                "name": "robot 17",
                "bitmapResolution": 1,
                "md5ext": "2625d8b4c45407a0fe3c257b531c72c2.svg",
                "dataFormat": "svg",
                "rotationCenterX": 100,
                "rotationCenterY": 100,
                "base64": "http://128.199.145.159:8080/api/files/find/2625d8b4c45407a0fe3c257b531c72c2.svg"
            }
        ],
        "sounds": [],
        "__v": 0
    },
    {
        "tags": [],
        "_id": "60925cbd8be4ad2f6174d3f9",
        "name": "Robot 18",
        "blocks": {},
        "isStage": false,
        "variables": {},
        "costumes": [
            {
                "_id": "60925cbd8be4ad2f6174d3fa",
                "assetId": "c77d59aa0651bbc3e3ca5c2570e03ad9",
                "name": "robot 18",
                "bitmapResolution": 1,
                "md5ext": "c77d59aa0651bbc3e3ca5c2570e03ad9.svg",
                "dataFormat": "svg",
                "rotationCenterX": 100,
                "rotationCenterY": 100,
                "base64": "http://128.199.145.159:8080/api/files/find/c77d59aa0651bbc3e3ca5c2570e03ad9.svg"
            }
        ],
        "sounds": [],
        "__v": 0
    },
    {
        "tags": [],
        "_id": "60925cc48be4ad2f6174d3fc",
        "name": "Robot 19",
        "blocks": {},
        "isStage": false,
        "variables": {},
        "costumes": [
            {
                "_id": "60925cc48be4ad2f6174d3fd",
                "assetId": "eab9be827e9393f805d90f7ed79ed227",
                "name": "robot 19",
                "bitmapResolution": 1,
                "md5ext": "eab9be827e9393f805d90f7ed79ed227.svg",
                "dataFormat": "svg",
                "rotationCenterX": 100,
                "rotationCenterY": 100,
                "base64": "http://128.199.145.159:8080/api/files/find/eab9be827e9393f805d90f7ed79ed227.svg"
            }
        ],
        "sounds": [],
        "__v": 0
    },
    {
        "tags": [],
        "_id": "60925ccb8be4ad2f6174d3ff",
        "name": "Robot 20",
        "blocks": {},
        "isStage": false,
        "variables": {},
        "costumes": [
            {
                "_id": "60925ccb8be4ad2f6174d400",
                "assetId": "f20209b923de9d2a50c2be52370d28fe",
                "name": "robot 20",
                "bitmapResolution": 1,
                "md5ext": "f20209b923de9d2a50c2be52370d28fe.svg",
                "dataFormat": "svg",
                "rotationCenterX": 100,
                "rotationCenterY": 100,
                "base64": "http://128.199.145.159:8080/api/files/find/f20209b923de9d2a50c2be52370d28fe.svg"
            }
        ],
        "sounds": [],
        "__v": 0
    },
    {
        "tags": [],
        "_id": "60925cd18be4ad2f6174d402",
        "name": "Robot 21",
        "blocks": {},
        "isStage": false,
        "variables": {},
        "costumes": [
            {
                "_id": "60925cd18be4ad2f6174d403",
                "assetId": "cf92e12de0779d407838f78a02dd8f3c",
                "name": "robot 21",
                "bitmapResolution": 1,
                "md5ext": "cf92e12de0779d407838f78a02dd8f3c.svg",
                "dataFormat": "svg",
                "rotationCenterX": 100,
                "rotationCenterY": 100,
                "base64": "http://128.199.145.159:8080/api/files/find/cf92e12de0779d407838f78a02dd8f3c.svg"
            }
        ],
        "sounds": [],
        "__v": 0
    },
    {
        "tags": [],
        "_id": "60925cd68be4ad2f6174d405",
        "name": "Robot 22",
        "blocks": {},
        "isStage": false,
        "variables": {},
        "costumes": [
            {
                "_id": "60925cd68be4ad2f6174d406",
                "assetId": "d15401108d78f4ecae3b8237f3bb8235",
                "name": "robot 22",
                "bitmapResolution": 1,
                "md5ext": "d15401108d78f4ecae3b8237f3bb8235.svg",
                "dataFormat": "svg",
                "rotationCenterX": 100,
                "rotationCenterY": 100,
                "base64": "http://128.199.145.159:8080/api/files/find/d15401108d78f4ecae3b8237f3bb8235.svg"
            }
        ],
        "sounds": [],
        "__v": 0
    },
    {
        "tags": [],
        "_id": "60925cdb8be4ad2f6174d408",
        "name": "Robot 23",
        "blocks": {},
        "isStage": false,
        "variables": {},
        "costumes": [
            {
                "_id": "60925cdb8be4ad2f6174d409",
                "assetId": "a6379fcca0e745fa36ab95afb7ba4d20",
                "name": "robot 23",
                "bitmapResolution": 1,
                "md5ext": "a6379fcca0e745fa36ab95afb7ba4d20.svg",
                "dataFormat": "svg",
                "rotationCenterX": 100,
                "rotationCenterY": 100,
                "base64": "http://128.199.145.159:8080/api/files/find/a6379fcca0e745fa36ab95afb7ba4d20.svg"
            }
        ],
        "sounds": [],
        "__v": 0
    },
    {
        "tags": [],
        "_id": "60925ce28be4ad2f6174d40b",
        "name": "Robot 24",
        "blocks": {},
        "isStage": false,
        "variables": {},
        "costumes": [
            {
                "_id": "60925ce28be4ad2f6174d40c",
                "assetId": "e93e7e16d551ba8ddfd2013414e8c657",
                "name": "robot 24",
                "bitmapResolution": 1,
                "md5ext": "e93e7e16d551ba8ddfd2013414e8c657.svg",
                "dataFormat": "svg",
                "rotationCenterX": 100,
                "rotationCenterY": 100,
                "base64": "http://128.199.145.159:8080/api/files/find/e93e7e16d551ba8ddfd2013414e8c657.svg"
            }
        ],
        "sounds": [],
        "__v": 0
    },
    {
        "tags": [],
        "_id": "60925cf28be4ad2f6174d40e",
        "name": "robot 25",
        "blocks": {},
        "isStage": false,
        "variables": {},
        "costumes": [
            {
                "_id": "60925cf28be4ad2f6174d40f",
                "assetId": "d30f706052a28526fd238cb19d644912",
                "name": "robot 25",
                "bitmapResolution": 1,
                "md5ext": "d30f706052a28526fd238cb19d644912.svg",
                "dataFormat": "svg",
                "rotationCenterX": 100,
                "rotationCenterY": 100,
                "base64": "http://128.199.145.159:8080/api/files/find/d30f706052a28526fd238cb19d644912.svg"
            }
        ],
        "sounds": [],
        "__v": 0
    },
    {
        "tags": [],
        "_id": "60925d128be4ad2f6174d411",
        "name": "robot 26",
        "blocks": {},
        "isStage": false,
        "variables": {},
        "costumes": [
            {
                "_id": "60925d128be4ad2f6174d412",
                "assetId": "b0cc97bebf297bc1e1e2889d3c69057a",
                "name": "robot 26",
                "bitmapResolution": 1,
                "md5ext": "b0cc97bebf297bc1e1e2889d3c69057a.svg",
                "dataFormat": "svg",
                "rotationCenterX": 100,
                "rotationCenterY": 100,
                "base64": "http://128.199.145.159:8080/api/files/find/b0cc97bebf297bc1e1e2889d3c69057a.svg"
            }
        ],
        "sounds": [],
        "__v": 0
    },
    {
        "tags": [],
        "_id": "60925d188be4ad2f6174d414",
        "name": "robot 27",
        "blocks": {},
        "isStage": false,
        "variables": {},
        "costumes": [
            {
                "_id": "60925d188be4ad2f6174d415",
                "assetId": "165842751b92d39e36ef13eb23fcb695",
                "name": "robot 27",
                "bitmapResolution": 1,
                "md5ext": "165842751b92d39e36ef13eb23fcb695.svg",
                "dataFormat": "svg",
                "rotationCenterX": 100,
                "rotationCenterY": 100,
                "base64": "http://128.199.145.159:8080/api/files/find/165842751b92d39e36ef13eb23fcb695.svg"
            }
        ],
        "sounds": [],
        "__v": 0
    },
    {
        "tags": [],
        "_id": "60925d1e8be4ad2f6174d417",
        "name": "robot 28",
        "blocks": {},
        "isStage": false,
        "variables": {},
        "costumes": [
            {
                "_id": "60925d1e8be4ad2f6174d418",
                "assetId": "fc27474ce663090091385f3c9ece6c43",
                "name": "robot 28",
                "bitmapResolution": 1,
                "md5ext": "fc27474ce663090091385f3c9ece6c43.svg",
                "dataFormat": "svg",
                "rotationCenterX": 100,
                "rotationCenterY": 100,
                "base64": "http://128.199.145.159:8080/api/files/find/fc27474ce663090091385f3c9ece6c43.svg"
            }
        ],
        "sounds": [],
        "__v": 0
    },
    {
        "tags": [],
        "_id": "60925d248be4ad2f6174d41a",
        "name": "robot 29",
        "blocks": {},
        "isStage": false,
        "variables": {},
        "costumes": [
            {
                "_id": "60925d248be4ad2f6174d41b",
                "assetId": "35b63ae1222fd03aa52ff409963dbe56",
                "name": "robot 29",
                "bitmapResolution": 1,
                "md5ext": "35b63ae1222fd03aa52ff409963dbe56.svg",
                "dataFormat": "svg",
                "rotationCenterX": 100,
                "rotationCenterY": 100,
                "base64": "http://128.199.145.159:8080/api/files/find/35b63ae1222fd03aa52ff409963dbe56.svg"
            }
        ],
        "sounds": [],
        "__v": 0
    },
    {
        "tags": [],
        "_id": "60925d2b8be4ad2f6174d41d",
        "name": "robot 30",
        "blocks": {},
        "isStage": false,
        "variables": {},
        "costumes": [
            {
                "_id": "60925d2b8be4ad2f6174d41e",
                "assetId": "fe1b7b8c618fa49fb1b9c2f47cd7f88a",
                "name": "robot 30",
                "bitmapResolution": 1,
                "md5ext": "fe1b7b8c618fa49fb1b9c2f47cd7f88a.svg",
                "dataFormat": "svg",
                "rotationCenterX": 100,
                "rotationCenterY": 100,
                "base64": "http://128.199.145.159:8080/api/files/find/fe1b7b8c618fa49fb1b9c2f47cd7f88a.svg"
            }
        ],
        "sounds": [],
        "__v": 0
    },
    {
        "tags": [],
        "_id": "60925d318be4ad2f6174d420",
        "name": "robot 31",
        "blocks": {},
        "isStage": false,
        "variables": {},
        "costumes": [
            {
                "_id": "60925d318be4ad2f6174d421",
                "assetId": "a8e2defbf702ff059f854da1845b3167",
                "name": "robot 31",
                "bitmapResolution": 1,
                "md5ext": "a8e2defbf702ff059f854da1845b3167.svg",
                "dataFormat": "svg",
                "rotationCenterX": 100,
                "rotationCenterY": 100,
                "base64": "http://128.199.145.159:8080/api/files/find/a8e2defbf702ff059f854da1845b3167.svg"
            }
        ],
        "sounds": [],
        "__v": 0
    },
    {
        "tags": [],
        "_id": "60925d368be4ad2f6174d423",
        "name": "robot 32",
        "blocks": {},
        "isStage": false,
        "variables": {},
        "costumes": [
            {
                "_id": "60925d368be4ad2f6174d424",
                "assetId": "ebaec50d07b78ee33d58268a9fd96f10",
                "name": "robot 32",
                "bitmapResolution": 1,
                "md5ext": "ebaec50d07b78ee33d58268a9fd96f10.svg",
                "dataFormat": "svg",
                "rotationCenterX": 100,
                "rotationCenterY": 100,
                "base64": "http://128.199.145.159:8080/api/files/find/ebaec50d07b78ee33d58268a9fd96f10.svg"
            }
        ],
        "sounds": [],
        "__v": 0
    },
    {
        "tags": [],
        "_id": "60925d3d8be4ad2f6174d426",
        "name": "robot 33",
        "blocks": {},
        "isStage": false,
        "variables": {},
        "costumes": [
            {
                "_id": "60925d3d8be4ad2f6174d427",
                "assetId": "11c59ad86d82c636a1aa25586c967046",
                "name": "robot 33",
                "bitmapResolution": 1,
                "md5ext": "11c59ad86d82c636a1aa25586c967046.svg",
                "dataFormat": "svg",
                "rotationCenterX": 100,
                "rotationCenterY": 100,
                "base64": "http://128.199.145.159:8080/api/files/find/11c59ad86d82c636a1aa25586c967046.svg"
            }
        ],
        "sounds": [],
        "__v": 0
    },
    {
        "tags": [],
        "_id": "60925d438be4ad2f6174d429",
        "name": "robot 34",
        "blocks": {},
        "isStage": false,
        "variables": {},
        "costumes": [
            {
                "_id": "60925d438be4ad2f6174d42a",
                "assetId": "7a496a23e607685b3280233eff638c65",
                "name": "robot 34",
                "bitmapResolution": 1,
                "md5ext": "7a496a23e607685b3280233eff638c65.svg",
                "dataFormat": "svg",
                "rotationCenterX": 100,
                "rotationCenterY": 100,
                "base64": "http://128.199.145.159:8080/api/files/find/7a496a23e607685b3280233eff638c65.svg"
            }
        ],
        "sounds": [],
        "__v": 0
    },
    {
        "tags": [],
        "_id": "60925d498be4ad2f6174d42c",
        "name": "robot 35",
        "blocks": {},
        "isStage": false,
        "variables": {},
        "costumes": [
            {
                "_id": "60925d498be4ad2f6174d42d",
                "assetId": "13fc7d08c9ef2021c4b77027ee6577bc",
                "name": "robot 35 ",
                "bitmapResolution": 1,
                "md5ext": "13fc7d08c9ef2021c4b77027ee6577bc.svg",
                "dataFormat": "svg",
                "rotationCenterX": 100,
                "rotationCenterY": 100,
                "base64": "http://128.199.145.159:8080/api/files/find/13fc7d08c9ef2021c4b77027ee6577bc.svg"
            }
        ],
        "sounds": [],
        "__v": 0
    },
    {
        "tags": [],
        "_id": "60925d508be4ad2f6174d42f",
        "name": "robot 36",
        "blocks": {},
        "isStage": false,
        "variables": {},
        "costumes": [
            {
                "_id": "60925d508be4ad2f6174d430",
                "assetId": "7eed757547095457d59bb899efc0c96d",
                "name": "robot 36",
                "bitmapResolution": 1,
                "md5ext": "7eed757547095457d59bb899efc0c96d.svg",
                "dataFormat": "svg",
                "rotationCenterX": 100,
                "rotationCenterY": 100,
                "base64": "http://128.199.145.159:8080/api/files/find/7eed757547095457d59bb899efc0c96d.svg"
            }
        ],
        "sounds": [],
        "__v": 0
    },
    {
        "tags": [],
        "_id": "60925d578be4ad2f6174d432",
        "name": "robot 37",
        "blocks": {},
        "isStage": false,
        "variables": {},
        "costumes": [
            {
                "_id": "60925d578be4ad2f6174d433",
                "assetId": "812baa5034f7ea56d48c0089cd297bce",
                "name": "robot 37",
                "bitmapResolution": 1,
                "md5ext": "812baa5034f7ea56d48c0089cd297bce.svg",
                "dataFormat": "svg",
                "rotationCenterX": 100,
                "rotationCenterY": 100,
                "base64": "http://128.199.145.159:8080/api/files/find/812baa5034f7ea56d48c0089cd297bce.svg"
            }
        ],
        "sounds": [],
        "__v": 0
    },
    {
        "tags": [],
        "_id": "60925d5e8be4ad2f6174d435",
        "name": "robot 38",
        "blocks": {},
        "isStage": false,
        "variables": {},
        "costumes": [
            {
                "_id": "60925d5e8be4ad2f6174d436",
                "assetId": "eff764a2abd83e90ee39e622519caa5d",
                "name": "robot 38",
                "bitmapResolution": 1,
                "md5ext": "eff764a2abd83e90ee39e622519caa5d.svg",
                "dataFormat": "svg",
                "rotationCenterX": 100,
                "rotationCenterY": 100,
                "base64": "http://128.199.145.159:8080/api/files/find/eff764a2abd83e90ee39e622519caa5d.svg"
            }
        ],
        "sounds": [],
        "__v": 0
    },
    {
        "tags": [],
        "_id": "60925d698be4ad2f6174d438",
        "name": "robot 39",
        "blocks": {},
        "isStage": false,
        "variables": {},
        "costumes": [
            {
                "_id": "60925d698be4ad2f6174d439",
                "assetId": "20e86904e972218cb33d919141223167",
                "name": "robot 39",
                "bitmapResolution": 1,
                "md5ext": "20e86904e972218cb33d919141223167.svg",
                "dataFormat": "svg",
                "rotationCenterX": 100,
                "rotationCenterY": 100,
                "base64": "http://128.199.145.159:8080/api/files/find/20e86904e972218cb33d919141223167.svg"
            }
        ],
        "sounds": [],
        "__v": 0
    },
    {
        "tags": [],
        "_id": "60925d768be4ad2f6174d43b",
        "name": "robot 41",
        "blocks": {},
        "isStage": false,
        "variables": {},
        "costumes": [
            {
                "_id": "60925d768be4ad2f6174d43c",
                "assetId": "1aaf1c7cf1ab06a50828428551e5db4a",
                "name": "robot 41",
                "bitmapResolution": 1,
                "md5ext": "1aaf1c7cf1ab06a50828428551e5db4a.svg",
                "dataFormat": "svg",
                "rotationCenterX": 100,
                "rotationCenterY": 100,
                "base64": "http://128.199.145.159:8080/api/files/find/1aaf1c7cf1ab06a50828428551e5db4a.svg"
            }
        ],
        "sounds": [],
        "__v": 0
    },
    {
        "tags": [],
        "_id": "60925d768be4ad2f6174d43e",
        "name": "robot 40",
        "blocks": {},
        "isStage": false,
        "variables": {},
        "costumes": [
            {
                "_id": "60925d768be4ad2f6174d43f",
                "assetId": "949c5f4beab716ee1ce18aa63d25b3b9",
                "name": "robot 40",
                "bitmapResolution": 1,
                "md5ext": "949c5f4beab716ee1ce18aa63d25b3b9.svg",
                "dataFormat": "svg",
                "rotationCenterX": 100,
                "rotationCenterY": 100,
                "base64": "http://128.199.145.159:8080/api/files/find/949c5f4beab716ee1ce18aa63d25b3b9.svg"
            }
        ],
        "sounds": [],
        "__v": 0
    },
    {
        "tags": [],
        "_id": "60925d7b8be4ad2f6174d441",
        "name": "robot 42",
        "blocks": {},
        "isStage": false,
        "variables": {},
        "costumes": [
            {
                "_id": "60925d7b8be4ad2f6174d442",
                "assetId": "a6a58e99ecbde4427408ece720c1dda5",
                "name": "robot 42",
                "bitmapResolution": 1,
                "md5ext": "a6a58e99ecbde4427408ece720c1dda5.svg",
                "dataFormat": "svg",
                "rotationCenterX": 100,
                "rotationCenterY": 100,
                "base64": "http://128.199.145.159:8080/api/files/find/a6a58e99ecbde4427408ece720c1dda5.svg"
            }
        ],
        "sounds": [],
        "__v": 0
    },
    {
        "tags": [],
        "_id": "60925d808be4ad2f6174d444",
        "name": "robot 43",
        "blocks": {},
        "isStage": false,
        "variables": {},
        "costumes": [
            {
                "_id": "60925d808be4ad2f6174d445",
                "assetId": "22497c5c020430078c3a0e39cf4b4353",
                "name": "robot 43",
                "bitmapResolution": 1,
                "md5ext": "22497c5c020430078c3a0e39cf4b4353.svg",
                "dataFormat": "svg",
                "rotationCenterX": 100,
                "rotationCenterY": 100,
                "base64": "http://128.199.145.159:8080/api/files/find/22497c5c020430078c3a0e39cf4b4353.svg"
            }
        ],
        "sounds": [],
        "__v": 0
    },
    {
        "tags": [],
        "_id": "60925d848be4ad2f6174d447",
        "name": "robot 44",
        "blocks": {},
        "isStage": false,
        "variables": {},
        "costumes": [
            {
                "_id": "60925d848be4ad2f6174d448",
                "assetId": "876e60642b804b1d93c90151de3d896f",
                "name": "robot 44",
                "bitmapResolution": 1,
                "md5ext": "876e60642b804b1d93c90151de3d896f.svg",
                "dataFormat": "svg",
                "rotationCenterX": 100,
                "rotationCenterY": 100,
                "base64": "http://128.199.145.159:8080/api/files/find/876e60642b804b1d93c90151de3d896f.svg"
            }
        ],
        "sounds": [],
        "__v": 0
    },
    {
        "tags": [],
        "_id": "60925d8a8be4ad2f6174d44a",
        "name": "robot 45",
        "blocks": {},
        "isStage": false,
        "variables": {},
        "costumes": [
            {
                "_id": "60925d8a8be4ad2f6174d44b",
                "assetId": "cd2e2b0c3d274fda6e7d81bc14570a90",
                "name": "robot 45",
                "bitmapResolution": 1,
                "md5ext": "cd2e2b0c3d274fda6e7d81bc14570a90.svg",
                "dataFormat": "svg",
                "rotationCenterX": 100,
                "rotationCenterY": 100,
                "base64": "http://128.199.145.159:8080/api/files/find/cd2e2b0c3d274fda6e7d81bc14570a90.svg"
            }
        ],
        "sounds": [],
        "__v": 0
    },
    {
        "tags": [],
        "_id": "60925d8f8be4ad2f6174d44d",
        "name": "robot 46",
        "blocks": {},
        "isStage": false,
        "variables": {},
        "costumes": [
            {
                "_id": "60925d8f8be4ad2f6174d44e",
                "assetId": "ac2205fe90871a73d81b278428cee84f",
                "name": "robot 46",
                "bitmapResolution": 1,
                "md5ext": "ac2205fe90871a73d81b278428cee84f.svg",
                "dataFormat": "svg",
                "rotationCenterX": 100,
                "rotationCenterY": 100,
                "base64": "http://128.199.145.159:8080/api/files/find/ac2205fe90871a73d81b278428cee84f.svg"
            }
        ],
        "sounds": [],
        "__v": 0
    },
    {
        "tags": [],
        "_id": "60925d958be4ad2f6174d450",
        "name": "robot 47",
        "blocks": {},
        "isStage": false,
        "variables": {},
        "costumes": [
            {
                "_id": "60925d958be4ad2f6174d451",
                "assetId": "db67f1e4547639292752480105fc5550",
                "name": "robot 47",
                "bitmapResolution": 1,
                "md5ext": "db67f1e4547639292752480105fc5550.svg",
                "dataFormat": "svg",
                "rotationCenterX": 100,
                "rotationCenterY": 100,
                "base64": "http://128.199.145.159:8080/api/files/find/db67f1e4547639292752480105fc5550.svg"
            }
        ],
        "sounds": [],
        "__v": 0
    },
    {
        "tags": [],
        "_id": "60925d9c8be4ad2f6174d453",
        "name": "robot 48",
        "blocks": {},
        "isStage": false,
        "variables": {},
        "costumes": [
            {
                "_id": "60925d9c8be4ad2f6174d454",
                "assetId": "43483fc5ac3c4b9f12474f5c4a8be4c1",
                "name": "robot 48",
                "bitmapResolution": 1,
                "md5ext": "43483fc5ac3c4b9f12474f5c4a8be4c1.svg",
                "dataFormat": "svg",
                "rotationCenterX": 100,
                "rotationCenterY": 100,
                "base64": "http://128.199.145.159:8080/api/files/find/43483fc5ac3c4b9f12474f5c4a8be4c1.svg"
            }
        ],
        "sounds": [],
        "__v": 0
    },
    {
        "tags": [],
        "_id": "60925da28be4ad2f6174d456",
        "name": "robot 49",
        "blocks": {},
        "isStage": false,
        "variables": {},
        "costumes": [
            {
                "_id": "60925da28be4ad2f6174d457",
                "assetId": "52a52700e7c223e0fb290aa4d952164d",
                "name": "robot 49",
                "bitmapResolution": 1,
                "md5ext": "52a52700e7c223e0fb290aa4d952164d.svg",
                "dataFormat": "svg",
                "rotationCenterX": 100,
                "rotationCenterY": 100,
                "base64": "http://128.199.145.159:8080/api/files/find/52a52700e7c223e0fb290aa4d952164d.svg"
            }
        ],
        "sounds": [],
        "__v": 0
    },
    {
        "tags": [],
        "_id": "60925da88be4ad2f6174d459",
        "name": "robot 50",
        "blocks": {},
        "isStage": false,
        "variables": {},
        "costumes": [
            {
                "_id": "60925da88be4ad2f6174d45a",
                "assetId": "dfd5bc58bb003d8982aed8d1e57a5dea",
                "name": "robot 50",
                "bitmapResolution": 1,
                "md5ext": "dfd5bc58bb003d8982aed8d1e57a5dea.svg",
                "dataFormat": "svg",
                "rotationCenterX": 100,
                "rotationCenterY": 100,
                "base64": "http://128.199.145.159:8080/api/files/find/dfd5bc58bb003d8982aed8d1e57a5dea.svg"
            }
        ],
        "sounds": [],
        "__v": 0
    },
    {
        "tags": [],
        "_id": "60925dad8be4ad2f6174d45c",
        "name": "robot 51",
        "blocks": {},
        "isStage": false,
        "variables": {},
        "costumes": [
            {
                "_id": "60925dad8be4ad2f6174d45d",
                "assetId": "b4995f85a430d4010dc690d723892239",
                "name": "robot 51",
                "bitmapResolution": 1,
                "md5ext": "b4995f85a430d4010dc690d723892239.svg",
                "dataFormat": "svg",
                "rotationCenterX": 100,
                "rotationCenterY": 100,
                "base64": "http://128.199.145.159:8080/api/files/find/b4995f85a430d4010dc690d723892239.svg"
            }
        ],
        "sounds": [],
        "__v": 0
    },
    {
        "tags": [],
        "_id": "60925db38be4ad2f6174d45f",
        "name": "robot 52",
        "blocks": {},
        "isStage": false,
        "variables": {},
        "costumes": [
            {
                "_id": "60925db38be4ad2f6174d460",
                "assetId": "4bec981a6192f3ea999606e67d33f443",
                "name": "robot 52",
                "bitmapResolution": 1,
                "md5ext": "4bec981a6192f3ea999606e67d33f443.svg",
                "dataFormat": "svg",
                "rotationCenterX": 100,
                "rotationCenterY": 100,
                "base64": "http://128.199.145.159:8080/api/files/find/4bec981a6192f3ea999606e67d33f443.svg"
            }
        ],
        "sounds": [],
        "__v": 0
    },
    {
        "tags": [],
        "_id": "60925db98be4ad2f6174d462",
        "name": "robot 53",
        "blocks": {},
        "isStage": false,
        "variables": {},
        "costumes": [
            {
                "_id": "60925db98be4ad2f6174d463",
                "assetId": "f8e47300b0a123e808268e1501190f02",
                "name": "robot 53",
                "bitmapResolution": 1,
                "md5ext": "f8e47300b0a123e808268e1501190f02.svg",
                "dataFormat": "svg",
                "rotationCenterX": 100,
                "rotationCenterY": 100,
                "base64": "http://128.199.145.159:8080/api/files/find/f8e47300b0a123e808268e1501190f02.svg"
            }
        ],
        "sounds": [],
        "__v": 0
    },
    {
        "tags": [],
        "_id": "60925dc08be4ad2f6174d465",
        "name": "robot 54",
        "blocks": {},
        "isStage": false,
        "variables": {},
        "costumes": [
            {
                "_id": "60925dc08be4ad2f6174d466",
                "assetId": "3a2122b9d56452d961cb17a321a96bbb",
                "name": "robot 54",
                "bitmapResolution": 1,
                "md5ext": "3a2122b9d56452d961cb17a321a96bbb.svg",
                "dataFormat": "svg",
                "rotationCenterX": 100,
                "rotationCenterY": 100,
                "base64": "http://128.199.145.159:8080/api/files/find/3a2122b9d56452d961cb17a321a96bbb.svg"
            }
        ],
        "sounds": [],
        "__v": 0
    },
    {
        "tags": [],
        "_id": "60926ef38be4ad2f6174d4fe",
        "name": "fish 1",
        "blocks": {},
        "isStage": false,
        "variables": {},
        "costumes": [
            {
                "_id": "60926ef38be4ad2f6174d4ff",
                "assetId": "8dee30153dbc1a382e7eee8011d97d3d",
                "name": "fish 1",
                "bitmapResolution": 1,
                "md5ext": "8dee30153dbc1a382e7eee8011d97d3d.svg",
                "dataFormat": "svg",
                "rotationCenterX": 100,
                "rotationCenterY": 100,
                "base64": "http://128.199.145.159:8080/api/files/find/8dee30153dbc1a382e7eee8011d97d3d.svg"
            }
        ],
        "sounds": [],
        "__v": 0
    }
]
